<!DOCTYPE html>
<html lang="en">
<head>
    <meta charset="UTF-8">
    <meta name="viewport" content="width=device-width, initial-scale=1.0">
    <title>Customer Hire Calculation</title>
</head>
<body>
    <h2>Hire Cost Calculator</h2>
    <form action="hire_calculator.php" method="POST">
        <label for="days">Number of Days:</label>
        <input type="number" id="days" name="days" required><br><br>

        <label for="daily_rate">Daily Rate ($):</label>
        <input type="number" id="daily_rate" name="daily_rate" required><br><br>

        <input type="submit" value="Calculate">
    </form>
</body>
</html>